USE project2021;
-- Insert Customer Data 
insert into customer (first_name, last_name, date_of_birth, id_number, id_type, publish_dept_id,total_charges) values ('Gal', 'Hub', '1982-06-26', 75, 72, 'sollicitudin',0);
insert into customer (first_name, last_name, date_of_birth, id_number, id_type, publish_dept_id,total_charges) values ('Tabor', 'Pietzke', '1956-02-20', 72, 14, 'a',0);
insert into customer (first_name, last_name, date_of_birth, id_number, id_type, publish_dept_id,total_charges) values ('Flemming', 'McQuorkell', '1957-08-13', 61, 58, 'ultrices',0);
insert into customer (first_name, last_name, date_of_birth, id_number, id_type, publish_dept_id,total_charges) values ('Maribelle', 'Boulds', '1954-12-26', 34, 45, 'convallis',0);
insert into customer (first_name, last_name, date_of_birth, id_number, id_type, publish_dept_id,total_charges) values ('Monica', 'Atling', '1976-05-18', 54, 2, 'dui',0);
insert into customer (first_name, last_name, date_of_birth, id_number, id_type, publish_dept_id,total_charges) values ('Frants', 'Beadnell', '1979-11-17', 96, 92, 'ante',0);
insert into customer (first_name, last_name, date_of_birth, id_number, id_type, publish_dept_id,total_charges) values ('Francisco', 'Hawtry', '1971-08-18', 77, 34, 'platea',0);
insert into customer (first_name, last_name, date_of_birth, id_number, id_type, publish_dept_id,total_charges) values ('Bonnibelle', 'Wolford', '1965-03-29', 83, 48, 'posuere',0);
insert into customer (first_name, last_name, date_of_birth, id_number, id_type, publish_dept_id,total_charges) values ('Sela', 'Vail', '1989-12-10', 70, 17, 'erat',0);
insert into customer (first_name, last_name, date_of_birth, id_number, id_type, publish_dept_id,total_charges) values ('May', 'Ludlow', '1982-02-21', 13, 54, 'sem',0);
insert into customer (first_name, last_name, date_of_birth, id_number, id_type, publish_dept_id,total_charges) values ('Vida', 'Reinard', '1980-05-03', 6, 3, 'eu',0);
insert into customer (first_name, last_name, date_of_birth, id_number, id_type, publish_dept_id,total_charges) values ('Darrin', 'Mulder', '1985-03-30', 37, 29, 'quis',0);
insert into customer (first_name, last_name, date_of_birth, id_number, id_type, publish_dept_id,total_charges) values ('Silvain', 'Lovemore', '1957-11-29', 68, 16, 'sit',0);
insert into customer (first_name, last_name, date_of_birth, id_number, id_type, publish_dept_id,total_charges) values ('Doti', 'Kittoe', '1980-02-01', 92, 39, 'vulputate',0);
insert into customer (first_name, last_name, date_of_birth, id_number, id_type, publish_dept_id,total_charges) values ('Marlena', 'Blonfield', '1974-03-31', 3, 92, 'odio',0);
insert into customer (first_name, last_name, date_of_birth, id_number, id_type, publish_dept_id,total_charges) values ('Marinna', 'Duinkerk', '1969-11-28', 65, 94, 'venenatis',0);
insert into customer (first_name, last_name, date_of_birth, id_number, id_type, publish_dept_id,total_charges) values ('Jaye', 'Ferrierio', '1952-06-26', 80, 95, 'amet',0);
insert into customer (first_name, last_name, date_of_birth, id_number, id_type, publish_dept_id,total_charges) values ('Grady', 'Inston', '1954-10-29', 45, 41, 'ut',0);
insert into customer (first_name, last_name, date_of_birth, id_number, id_type, publish_dept_id,total_charges) values ('Shoshana', 'Glanvill', '1966-06-24', 77, 84, 'vel',0);
insert into customer (first_name, last_name, date_of_birth, id_number, id_type, publish_dept_id,total_charges) values ('Keene', 'Callaway', '1986-11-06', 62, 35, 'cubilia',0);
insert into customer (first_name, last_name, date_of_birth, id_number, id_type, publish_dept_id,total_charges) values ('Wilmer', 'Marklin', '1976-01-24', 95, 82, 'eu',0);
insert into customer (first_name, last_name, date_of_birth, id_number, id_type, publish_dept_id,total_charges) values ('Polly', 'Oldcroft', '1956-07-20', 85, 18, 'consequat',0);
insert into customer (first_name, last_name, date_of_birth, id_number, id_type, publish_dept_id,total_charges) values ('Anthony', 'Laurentino', '1962-04-10', 28, 1, 'ut',0);
insert into customer (first_name, last_name, date_of_birth, id_number, id_type, publish_dept_id,total_charges) values ('Trisha', 'O''Lehane', '1978-03-14', 81, 18, 'quam',0);
insert into customer (first_name, last_name, date_of_birth, id_number, id_type, publish_dept_id,total_charges) values ('Charo', 'Palomba', '1986-10-19', 47, 14, 'quam',0);
insert into customer (first_name, last_name, date_of_birth, id_number, id_type, publish_dept_id,total_charges) values ('Cammi', 'Janata', '1968-09-08', 82, 62, 'eget',0);
insert into customer (first_name, last_name, date_of_birth, id_number, id_type, publish_dept_id,total_charges) values ('Danny', 'Isakowicz', '1971-02-09', 99, 31, 'donec',0);
insert into customer (first_name, last_name, date_of_birth, id_number, id_type, publish_dept_id,total_charges) values ('Ebonee', 'Raatz', '1955-06-24', 31, 63, 'nulla',0);
insert into customer (first_name, last_name, date_of_birth, id_number, id_type, publish_dept_id,total_charges) values ('Roshelle', 'Dielhenn', '1988-02-22', 62, 92, 'libero',0);
insert into customer (first_name, last_name, date_of_birth, id_number, id_type, publish_dept_id,total_charges) values ('Rona', 'Sellan', '1958-01-01', 40, 32, 'hendrerit',0);
insert into customer (first_name, last_name, date_of_birth, id_number, id_type, publish_dept_id,total_charges) values ('Dur', 'Izkovitz', '1967-04-10', 100, 51, 'vel',0);
insert into customer (first_name, last_name, date_of_birth, id_number, id_type, publish_dept_id,total_charges) values ('Ferdie', 'Woolland', '1987-08-20', 44, 39, 'suspendisse',0);
insert into customer (first_name, last_name, date_of_birth, id_number, id_type, publish_dept_id,total_charges) values ('Minor', 'Enrigo', '1970-05-18', 94, 39, 'vel',0);
insert into customer (first_name, last_name, date_of_birth, id_number, id_type, publish_dept_id,total_charges) values ('Eugine', 'Strike', '1971-06-20', 89, 37, 'odio',0);
insert into customer (first_name, last_name, date_of_birth, id_number, id_type, publish_dept_id,total_charges) values ('Troy', 'Littleover', '1972-10-04', 24, 16, 'nunc',0);
insert into customer (first_name, last_name, date_of_birth, id_number, id_type, publish_dept_id,total_charges) values ('Maisie', 'Midghall', '1967-02-17', 9, 38, 'dui',0);
insert into customer (first_name, last_name, date_of_birth, id_number, id_type, publish_dept_id,total_charges) values ('Maddi', 'Pettman', '1975-03-29', 79, 14, 'vulputate',0);
insert into customer (first_name, last_name, date_of_birth, id_number, id_type, publish_dept_id,total_charges) values ('Sara-ann', 'Norkutt', '1954-02-26', 53, 15, 'vestibulum',0);
insert into customer (first_name, last_name, date_of_birth, id_number, id_type, publish_dept_id,total_charges) values ('Pippo', 'Rosenwasser', '1980-03-06', 83, 41, 'tincidunt',0);
insert into customer (first_name, last_name, date_of_birth, id_number, id_type, publish_dept_id,total_charges) values ('Virgie', 'Pumphrey', '1951-08-29', 82, 12, 'nulla',0);
insert into customer (first_name, last_name, date_of_birth, id_number, id_type, publish_dept_id,total_charges) values ('Christoph', 'Gorhardt', '1974-04-26', 58, 90, 'non',0);
insert into customer (first_name, last_name, date_of_birth, id_number, id_type, publish_dept_id,total_charges) values ('Faith', 'Goslin', '1971-07-24', 34, 48, 'consequat',0);
insert into customer (first_name, last_name, date_of_birth, id_number, id_type, publish_dept_id,total_charges) values ('Rosabella', 'Slidders', '1971-05-11', 75, 32, 'eget',0);
insert into customer (first_name, last_name, date_of_birth, id_number, id_type, publish_dept_id,total_charges) values ('Aila', 'Briatt', '1983-04-29', 22, 45, 'quis',0);
insert into customer (first_name, last_name, date_of_birth, id_number, id_type, publish_dept_id,total_charges) values ('Anet', 'Charrisson', '1983-09-08', 21, 60, 'augue',0);
insert into customer (first_name, last_name, date_of_birth, id_number, id_type, publish_dept_id,total_charges) values ('Wynny', 'Jennick', '1959-10-23', 9, 76, 'augue',0);
insert into customer (first_name, last_name, date_of_birth, id_number, id_type, publish_dept_id,total_charges) values ('Marvin', 'Gookey', '1962-05-26', 70, 62, 'amet',0);
insert into customer (first_name, last_name, date_of_birth, id_number, id_type, publish_dept_id,total_charges) values ('Bianca', 'Judkins', '1956-12-07', 90, 14, 'eget',0);
insert into customer (first_name, last_name, date_of_birth, id_number, id_type, publish_dept_id,total_charges) values ('Sigvard', 'Leaver', '1978-01-23', 87, 10, 'sed',0);
insert into customer (first_name, last_name, date_of_birth, id_number, id_type, publish_dept_id,total_charges) values ('Elnar', 'Cobbing', '1984-08-29', 18, 14, 'sit',0);

select * from customer;

insert into email (email, nfc_id) values ('edecourtney0@flavors.me', 1);
insert into email (email, nfc_id) values ('acassey1@xrea.com', 2);
insert into email (email, nfc_id) values ('fyarrington2@freewebs.com', 3);
insert into email (email, nfc_id) values ('tkepling3@tinyurl.com', 4);
insert into email (email, nfc_id) values ('djanas4@icq.com', 5);
insert into email (email, nfc_id) values ('ipobjoy5@instagram.com', 6);
insert into email (email, nfc_id) values ('dpaschek6@tamu.edu', 7);
insert into email (email, nfc_id) values ('sjamot7@flavors.me', 8);
insert into email (email, nfc_id) values ('mtyrie8@macromedia.com', 9);
insert into email (email, nfc_id) values ('jvardie9@jimdo.com', 10);
insert into email (email, nfc_id) values ('qafielda@toplist.cz', 11);
insert into email (email, nfc_id) values ('ysimenotb@wunderground.com', 12);
insert into email (email, nfc_id) values ('gmauldenc@wordpress.org', 13);
insert into email (email, nfc_id) values ('ndodimeadd@webnode.com', 14);
insert into email (email, nfc_id) values ('lalforde@intel.com', 15);
insert into email (email, nfc_id) values ('bfitzroyf@wikispaces.com', 16);
insert into email (email, nfc_id) values ('mlawtieg@blogspot.com', 17);
insert into email (email, nfc_id) values ('fcalladineh@1688.com', 18);
insert into email (email, nfc_id) values ('lmessenti@adobe.com', 19);
insert into email (email, nfc_id) values ('dscophamj@simplemachines.org', 20);
insert into email (email, nfc_id) values ('cciccottok@t.co', 21);
insert into email (email, nfc_id) values ('knijsl@yahoo.co.jp', 22);
insert into email (email, nfc_id) values ('aferridaym@redcross.org', 23);
insert into email (email, nfc_id) values ('aandreevn@eepurl.com', 24);
insert into email (email, nfc_id) values ('cfridlingtono@example.com', 25);
insert into email (email, nfc_id) values ('rhudsonp@free.fr', 26);
insert into email (email, nfc_id) values ('echatwoodq@flavors.me', 27);
insert into email (email, nfc_id) values ('dprangler@themeforest.net', 28);
insert into email (email, nfc_id) values ('rraddins@howstuffworks.com', 29);
insert into email (email, nfc_id) values ('hbransont@nifty.com', 30);
insert into email (email, nfc_id) values ('ghelderu@archive.org', 31);
insert into email (email, nfc_id) values ('skissackv@cbslocal.com', 32);
insert into email (email, nfc_id) values ('ggavanw@wikimedia.org', 33);
insert into email (email, nfc_id) values ('jglaisterx@house.gov', 34);
insert into email (email, nfc_id) values ('jpreecey@ow.ly', 35);
insert into email (email, nfc_id) values ('lwheatonz@icq.com', 36);
insert into email (email, nfc_id) values ('ascoggans10@statcounter.com', 37);
insert into email (email, nfc_id) values ('cmcdonough11@tamu.edu', 38);
insert into email (email, nfc_id) values ('bfitter12@simplemachines.org', 39);
insert into email (email, nfc_id) values ('nharteley13@dot.gov', 40);
insert into email (email, nfc_id) values ('atitley14@admin.ch', 41);
insert into email (email, nfc_id) values ('scloney15@webnode.com', 42);
insert into email (email, nfc_id) values ('mrottgers16@yolasite.com', 43);
insert into email (email, nfc_id) values ('nhayers17@wikipedia.org', 44);
insert into email (email, nfc_id) values ('ascarffe18@weather.com', 45);
insert into email (email, nfc_id) values ('nwingeat19@bloomberg.com', 46);
insert into email (email, nfc_id) values ('nmatthis1a@vistaprint.com', 47);
insert into email (email, nfc_id) values ('zniessen1b@unesco.org', 48);
insert into email (email, nfc_id) values ('rhooban1c@twitter.com', 49);
insert into email (email, nfc_id) values ('vrisley1d@mashable.com', 50);

select * from email;

insert into phone_number (phone_num, nfc_id) values ('3795501987', 1);
insert into phone_number (phone_num, nfc_id) values ('5954187419', 2);
insert into phone_number (phone_num, nfc_id) values ('7472643935', 3);
insert into phone_number (phone_num, nfc_id) values ('7319806372', 4);
insert into phone_number (phone_num, nfc_id) values ('3549933646', 5);
insert into phone_number (phone_num, nfc_id) values ('8711024098', 6);
insert into phone_number (phone_num, nfc_id) values ('7564374712', 7);
insert into phone_number (phone_num, nfc_id) values ('8641045996', 8);
insert into phone_number (phone_num, nfc_id) values ('1853378037', 9);
insert into phone_number (phone_num, nfc_id) values ('4144745423', 10);
insert into phone_number (phone_num, nfc_id) values ('5049820124', 11);
insert into phone_number (phone_num, nfc_id) values ('2391603938', 12);
insert into phone_number (phone_num, nfc_id) values ('1521314002', 13);
insert into phone_number (phone_num, nfc_id) values ('7137022630', 14);
insert into phone_number (phone_num, nfc_id) values ('1739421886', 15);
insert into phone_number (phone_num, nfc_id) values ('5122621525', 16);
insert into phone_number (phone_num, nfc_id) values ('3246648199', 17);
insert into phone_number (phone_num, nfc_id) values ('4393887908', 18);
insert into phone_number (phone_num, nfc_id) values ('5821228257', 19);
insert into phone_number (phone_num, nfc_id) values ('3655626958', 20);
insert into phone_number (phone_num, nfc_id) values ('2925065006', 21);
insert into phone_number (phone_num, nfc_id) values ('1172646588', 22);
insert into phone_number (phone_num, nfc_id) values ('8288289821', 23);
insert into phone_number (phone_num, nfc_id) values ('7348046959', 24);
insert into phone_number (phone_num, nfc_id) values ('9271048938', 25);
insert into phone_number (phone_num, nfc_id) values ('2984941524', 26);
insert into phone_number (phone_num, nfc_id) values ('4306656299', 27);
insert into phone_number (phone_num, nfc_id) values ('7695841995', 28);
insert into phone_number (phone_num, nfc_id) values ('2585408558', 29);
insert into phone_number (phone_num, nfc_id) values ('3566368624', 30);
insert into phone_number (phone_num, nfc_id) values ('5065369939', 31);
insert into phone_number (phone_num, nfc_id) values ('5233209674', 32);
insert into phone_number (phone_num, nfc_id) values ('5593655803', 33);
insert into phone_number (phone_num, nfc_id) values ('9883428444', 34);
insert into phone_number (phone_num, nfc_id) values ('3426632310', 35);
insert into phone_number (phone_num, nfc_id) values ('8381938051', 36);
insert into phone_number (phone_num, nfc_id) values ('2108611008', 37);
insert into phone_number (phone_num, nfc_id) values ('2652819698', 38);
insert into phone_number (phone_num, nfc_id) values ('9959531565', 39);
insert into phone_number (phone_num, nfc_id) values ('7835627034', 40);
insert into phone_number (phone_num, nfc_id) values ('1508938097', 41);
insert into phone_number (phone_num, nfc_id) values ('2191097550', 42);
insert into phone_number (phone_num, nfc_id) values ('2658203048', 43);
insert into phone_number (phone_num, nfc_id) values ('8882035951', 44);
insert into phone_number (phone_num, nfc_id) values ('6008059598', 45);
insert into phone_number (phone_num, nfc_id) values ('5035211371', 46);
insert into phone_number (phone_num, nfc_id) values ('8262550195', 47);
insert into phone_number (phone_num, nfc_id) values ('9419698648', 48);
insert into phone_number (phone_num, nfc_id) values ('7705553363', 49);
insert into phone_number (phone_num, nfc_id) values ('7144950243', 50);
insert into phone_number (phone_num, nfc_id) values ('7144950244', 50);


select * from phone_number;

insert into services (service_id, service_description) values (1, 'Drink');
insert into services (service_id, service_description) values (2, 'Food');
insert into services (service_id, service_description) values (3, 'Hair Cut');
insert into services (service_id, service_description) values (4, 'Room to Stay');
insert into services (service_id, service_description) values (5, 'Pool Party');
insert into services (service_id, service_description) values (6, 'Work Out');
insert into services (service_id, service_description) values (7, 'Conference');
insert into services (service_id, service_description) values (8, 'Reception');

select * from services;

insert into facilities (facility_id, number_of_bedrooms, facility_name, facility_description, service_id) values (1, 3, 'Room', 'South', 4);
insert into facilities (facility_id, number_of_bedrooms, facility_name, facility_description, service_id) values (2, 1, 'Room', 'North', 4);
insert into facilities (facility_id, number_of_bedrooms, facility_name, facility_description, service_id) values (3, 3, 'Room', 'North', 4);
insert into facilities (facility_id, number_of_bedrooms, facility_name, facility_description, service_id) values (4, 3, 'Room', 'East', 4);
insert into facilities (facility_id, number_of_bedrooms, facility_name, facility_description, service_id) values (5, 1, 'Room', 'East', 4);
insert into facilities (facility_id, number_of_bedrooms, facility_name, facility_description, service_id) values (6, 2, 'Room', 'West', 4);
insert into facilities (facility_id, number_of_bedrooms, facility_name, facility_description, service_id) values (7, 1, 'Room', 'West', 4);
insert into facilities (facility_id, number_of_bedrooms, facility_name, facility_description, service_id) values (8, 2, 'Room', 'West', 4);
insert into facilities (facility_id, number_of_bedrooms, facility_name, facility_description, service_id) values (9, 2, 'Room', 'West', 4);
insert into facilities (facility_id, number_of_bedrooms, facility_name, facility_description, service_id) values (10, 1, 'Room', 'West', 4);
insert into facilities (facility_id, number_of_bedrooms, facility_name, facility_description, service_id) values (11, 0, 'Hair Saloon', 'First Floor', 3);
insert into facilities (facility_id, number_of_bedrooms, facility_name, facility_description, service_id) values (12, 0, 'Bar', 'First Floor', 1);
insert into facilities (facility_id, number_of_bedrooms, facility_name, facility_description, service_id) values (13, 0, 'Bar', 'First Floor', 1);
insert into facilities (facility_id, number_of_bedrooms, facility_name, facility_description, service_id) values (14, 0, 'Bar', 'First Floor', 1);
insert into facilities (facility_id, number_of_bedrooms, facility_name, facility_description, service_id) values (15, 0, 'Bar', 'First Floor', 1);
insert into facilities (facility_id, number_of_bedrooms, facility_name, facility_description, service_id) values (16, 0, 'Bar', 'First Floor', 1);
insert into facilities (facility_id, number_of_bedrooms, facility_name, facility_description, service_id) values (17, 0, 'Bar', 'First Floor', 1);
insert into facilities (facility_id, number_of_bedrooms, facility_name, facility_description, service_id) values (18, 0, 'Restaurant', 'First Floor', 2);
insert into facilities (facility_id, number_of_bedrooms, facility_name, facility_description, service_id) values (19, 0, 'Restaurant', 'First Floor', 2);
insert into facilities (facility_id, number_of_bedrooms, facility_name, facility_description, service_id) values (20, 0, 'Restaurant', 'First Floor', 2);
insert into facilities (facility_id, number_of_bedrooms, facility_name, facility_description, service_id) values (21, 0, 'Restaurant', 'First Floor', 2);
insert into facilities (facility_id, number_of_bedrooms, facility_name, facility_description, service_id) values (22, 0, 'Meeting Room', 'First Floor', 7);
insert into facilities (facility_id, number_of_bedrooms, facility_name, facility_description, service_id) values (23, 0, 'Meeting Room', 'First Floor', 7);
insert into facilities (facility_id, number_of_bedrooms, facility_name, facility_description, service_id) values (24, 0, 'Meeting Room', 'First Floor', 7);
insert into facilities (facility_id, number_of_bedrooms, facility_name, facility_description, service_id) values (25, 0, 'Meeting Room', 'First Floor', 7);
insert into facilities (facility_id, number_of_bedrooms, facility_name, facility_description, service_id) values (26, 0, 'Meeting Room', 'First Floor', 7);
insert into facilities (facility_id, number_of_bedrooms, facility_name, facility_description, service_id) values (27, 0, 'Meeting Room', 'First Floor', 7);
insert into facilities (facility_id, number_of_bedrooms, facility_name, facility_description, service_id) values (28, 0, 'Meeting Room', 'First Floor', 7);
insert into facilities (facility_id, number_of_bedrooms, facility_name, facility_description, service_id) values (29, 0, 'Meeting Room', 'First Floor', 7);
insert into facilities (facility_id, number_of_bedrooms, facility_name, facility_description, service_id) values (30, 0, 'Meeting Room', 'First Floor', 7);
insert into facilities (facility_id, number_of_bedrooms, facility_name, facility_description, service_id) values (31, 0, 'Meeting Room', 'First Floor', 7);
insert into facilities (facility_id, number_of_bedrooms, facility_name, facility_description, service_id) values (32, 0, 'Gym', 'First Floor', 6);
insert into facilities (facility_id, number_of_bedrooms, facility_name, facility_description, service_id) values (33, 0, 'Gym', 'First Floor', 6);
insert into facilities (facility_id, number_of_bedrooms, facility_name, facility_description, service_id) values (34, 0, 'Gym', 'First Floor', 6);
insert into facilities (facility_id, number_of_bedrooms, facility_name, facility_description, service_id) values (35, 0, 'Gym', 'First Floor', 6);
insert into facilities (facility_id, number_of_bedrooms, facility_name, facility_description, service_id) values (36, 0, 'Hot tub', 'First Floor', 5);
insert into facilities (facility_id, number_of_bedrooms, facility_name, facility_description, service_id) values (37, 0, 'Hot tub', 'First Floor', 5);
insert into facilities (facility_id, number_of_bedrooms, facility_name, facility_description, service_id) values (38, 0, 'Hot tub', 'First Floor', 5);
insert into facilities (facility_id, number_of_bedrooms, facility_name, facility_description, service_id) values (39, 0, 'Hot tub', 'First Floor', 5);
insert into facilities (facility_id, number_of_bedrooms, facility_name, facility_description, service_id) values (40, 0, 'Hot tub', 'First Floor', 5);
insert into facilities (facility_id, number_of_bedrooms, facility_name, facility_description, service_id) values (41, 0, 'Hot tub', 'First Floor', 5);
insert into facilities (facility_id, number_of_bedrooms, facility_name, facility_description, service_id) values (42, 0, 'Hot tub', 'First Floor', 5);
insert into facilities (facility_id, number_of_bedrooms, facility_name, facility_description, service_id) values (43, 0, 'Hot tub', 'First Floor', 5);
insert into facilities (facility_id, number_of_bedrooms, facility_name, facility_description, service_id) values (44, 0, 'Hot tub', 'First Floor', 5);
insert into facilities (facility_id, number_of_bedrooms, facility_name, facility_description, service_id) values (45, 0, 'Hot tub', 'First Floor', 5);
insert into facilities (facility_id, number_of_bedrooms, facility_name, facility_description, service_id) values (46, 1, 'Room', 'West', 4);
insert into facilities (facility_id, number_of_bedrooms, facility_name, facility_description, service_id) values (47, 2, 'Room', 'East', 4);
insert into facilities (facility_id, number_of_bedrooms, facility_name, facility_description, service_id) values (48, 3, 'Room', 'North', 4);
insert into facilities (facility_id, number_of_bedrooms, facility_name, facility_description, service_id) values (49, 1, 'Room', 'South', 4);
insert into facilities (facility_id, number_of_bedrooms, facility_name, facility_description, service_id) values (50, 3, 'Room', 'North', 4);
insert into facilities (facility_id, number_of_bedrooms, facility_name, facility_description, service_id) values (51, 0, 'Reception Area', 'First Floor', 8);

select * from facilities;

insert into having_access (nfc_id, facility_id, start_datetime, finish_datetime) values (1, 1, '2021-02-02 03:40:28', '2021-05-03 18:31:18');
insert into having_access (nfc_id, facility_id, start_datetime, finish_datetime) values (2, 2, '2021-04-23 23:14:39', '2021-06-23 02:24:39');
insert into having_access (nfc_id, facility_id, start_datetime, finish_datetime) values (3, 3, '2021-05-07 20:51:06', '2021-06-18 13:04:48');
insert into having_access (nfc_id, facility_id, start_datetime, finish_datetime) values (4, 4, '2021-08-24 22:10:13', '2021-04-12 00:32:04');
insert into having_access (nfc_id, facility_id, start_datetime, finish_datetime) values (5, 5, '2021-08-11 20:13:03', '2021-03-09 18:50:26');
insert into having_access (nfc_id, facility_id, start_datetime, finish_datetime) values (6, 6, '2021-01-16 23:39:31', '2021-05-30 01:40:00');
insert into having_access (nfc_id, facility_id, start_datetime, finish_datetime) values (7, 7, '2021-08-06 20:52:34', '2021-08-19 06:56:45');
insert into having_access (nfc_id, facility_id, start_datetime, finish_datetime) values (8, 8, '2021-09-05 22:54:11', '2021-03-31 20:08:34');
insert into having_access (nfc_id, facility_id, start_datetime, finish_datetime) values (9, 9, '2021-03-27 12:04:14', '2021-03-12 20:16:10');
insert into having_access (nfc_id, facility_id, start_datetime, finish_datetime) values (10, 10, '2021-01-08 10:57:53', '2021-05-04 19:58:53');
insert into having_access (nfc_id, facility_id, start_datetime, finish_datetime) values (11, 11, '2021-08-13 23:23:27', '2021-08-06 22:46:52');
insert into having_access (nfc_id, facility_id, start_datetime, finish_datetime) values (12, 12, '2021-05-10 11:22:43', '2021-07-19 16:43:55');
insert into having_access (nfc_id, facility_id, start_datetime, finish_datetime) values (13, 13, '2021-05-11 17:00:14', '2021-04-09 11:56:08');
insert into having_access (nfc_id, facility_id, start_datetime, finish_datetime) values (14, 14, '2021-03-17 16:25:17', '2021-07-23 21:35:07');
insert into having_access (nfc_id, facility_id, start_datetime, finish_datetime) values (15, 15, '2021-08-14 15:03:35', '2021-04-20 01:27:41');
insert into having_access (nfc_id, facility_id, start_datetime, finish_datetime) values (16, 16, '2021-07-23 07:25:30', '2021-04-12 03:46:04');
insert into having_access (nfc_id, facility_id, start_datetime, finish_datetime) values (17, 17, '2021-07-28 17:05:11', '2021-06-24 03:56:19');
insert into having_access (nfc_id, facility_id, start_datetime, finish_datetime) values (18, 18, '2021-01-19 09:27:10', '2021-03-18 21:22:53');
insert into having_access (nfc_id, facility_id, start_datetime, finish_datetime) values (19, 19, '2021-03-09 14:58:07', '2021-01-28 02:22:42');
insert into having_access (nfc_id, facility_id, start_datetime, finish_datetime) values (20, 20, '2021-06-17 15:14:52', '2021-01-28 16:59:36');
insert into having_access (nfc_id, facility_id, start_datetime, finish_datetime) values (21, 21, '2021-02-18 11:45:42', '2021-07-25 01:05:14');
insert into having_access (nfc_id, facility_id, start_datetime, finish_datetime) values (22, 22, '2021-07-23 22:15:21', '2021-05-05 03:00:11');
insert into having_access (nfc_id, facility_id, start_datetime, finish_datetime) values (23, 23, '2021-08-06 00:33:04', '2021-08-11 05:13:47');
insert into having_access (nfc_id, facility_id, start_datetime, finish_datetime) values (24, 24, '2021-06-15 08:49:03', '2021-08-10 15:40:26');
insert into having_access (nfc_id, facility_id, start_datetime, finish_datetime) values (25, 25, '2021-01-24 03:19:35', '2021-03-29 20:37:58');
insert into having_access (nfc_id, facility_id, start_datetime, finish_datetime) values (26, 26, '2021-08-02 03:30:32', '2021-04-29 18:42:47');
insert into having_access (nfc_id, facility_id, start_datetime, finish_datetime) values (27, 27, '2021-02-01 04:52:20', '2021-08-08 20:09:17');
insert into having_access (nfc_id, facility_id, start_datetime, finish_datetime) values (28, 28, '2021-03-25 07:29:17', '2021-04-08 15:31:09');
insert into having_access (nfc_id, facility_id, start_datetime, finish_datetime) values (29, 29, '2021-02-25 19:06:22', '2021-08-04 22:51:55');
insert into having_access (nfc_id, facility_id, start_datetime, finish_datetime) values (30, 30, '2021-06-16 17:25:55', '2021-06-17 07:34:03');
insert into having_access (nfc_id, facility_id, start_datetime, finish_datetime) values (31, 31, '2021-01-14 06:38:08', '2021-02-20 11:49:39');
insert into having_access (nfc_id, facility_id, start_datetime, finish_datetime) values (32, 32, '2021-03-19 00:47:00', '2021-07-23 12:07:30');
insert into having_access (nfc_id, facility_id, start_datetime, finish_datetime) values (33, 33, '2021-01-12 20:24:12', '2021-05-20 02:23:03');
insert into having_access (nfc_id, facility_id, start_datetime, finish_datetime) values (34, 34, '2021-04-16 00:40:49', '2021-02-25 01:50:17');
insert into having_access (nfc_id, facility_id, start_datetime, finish_datetime) values (35, 35, '2021-04-29 14:34:31', '2021-07-05 05:02:46');
insert into having_access (nfc_id, facility_id, start_datetime, finish_datetime) values (36, 36, '2021-02-24 04:16:20', '2021-07-12 20:05:35');
insert into having_access (nfc_id, facility_id, start_datetime, finish_datetime) values (37, 37, '2021-06-26 13:57:45', '2021-01-26 23:17:31');
insert into having_access (nfc_id, facility_id, start_datetime, finish_datetime) values (38, 38, '2021-02-01 06:36:23', '2021-04-18 08:18:26');
insert into having_access (nfc_id, facility_id, start_datetime, finish_datetime) values (39, 39, '2021-03-07 21:31:57', '2021-07-17 10:21:54');
insert into having_access (nfc_id, facility_id, start_datetime, finish_datetime) values (40, 40, '2021-02-08 02:50:32', '2021-04-01 17:19:02');
insert into having_access (nfc_id, facility_id, start_datetime, finish_datetime) values (41, 41, '2021-03-15 15:29:33', '2021-06-28 02:47:09');
insert into having_access (nfc_id, facility_id, start_datetime, finish_datetime) values (42, 42, '2021-05-13 22:00:55', '2021-04-02 04:35:36');
insert into having_access (nfc_id, facility_id, start_datetime, finish_datetime) values (43, 43, '2021-02-02 21:03:22', '2021-01-17 10:30:39');
insert into having_access (nfc_id, facility_id, start_datetime, finish_datetime) values (44, 44, '2021-08-25 08:47:04', '2021-04-01 02:45:31');
insert into having_access (nfc_id, facility_id, start_datetime, finish_datetime) values (45, 45, '2021-09-04 19:38:17', '2021-08-22 14:10:45');
insert into having_access (nfc_id, facility_id, start_datetime, finish_datetime) values (46, 46, '2021-03-04 23:50:04', '2021-03-25 07:00:23');
insert into having_access (nfc_id, facility_id, start_datetime, finish_datetime) values (47, 47, '2021-02-17 06:22:10', '2021-08-04 05:48:39');
insert into having_access (nfc_id, facility_id, start_datetime, finish_datetime) values (48, 48, '2021-05-19 17:12:47', '2021-02-14 11:45:09');
insert into having_access (nfc_id, facility_id, start_datetime, finish_datetime) values (49, 49, '2021-09-02 07:06:20', '2021-05-24 09:55:38');
insert into having_access (nfc_id, facility_id, start_datetime, finish_datetime) values (50, 50, '2021-02-05 16:28:02', '2021-07-08 15:15:05');

select * from having_access;

insert into sub_compulsory_service (service_id) values (4);
insert into sub_compulsory_service (service_id) values (5);
insert into sub_compulsory_service (service_id) values (6);
insert into sub_compulsory_service (service_id) values (7);


select * from sub_compulsory_service;

insert into subscribing_to_services (service_id, nfc_id, sub_date) values (5, 1, '2020-07-11');
insert into subscribing_to_services (service_id, nfc_id, sub_date) values (5, 2, '2020-11-01');
insert into subscribing_to_services (service_id, nfc_id, sub_date) values (5, 3, '2020-06-28');
insert into subscribing_to_services (service_id, nfc_id, sub_date) values (4, 4, '2021-02-05');
insert into subscribing_to_services (service_id, nfc_id, sub_date) values (4, 5, '2020-09-30');
insert into subscribing_to_services (service_id, nfc_id, sub_date) values (6, 6, '2021-03-12');
insert into subscribing_to_services (service_id, nfc_id, sub_date) values (7, 7, '2020-09-21');
insert into subscribing_to_services (service_id, nfc_id, sub_date) values (4, 8, '2020-07-11');
insert into subscribing_to_services (service_id, nfc_id, sub_date) values (4, 9, '2020-11-28');
insert into subscribing_to_services (service_id, nfc_id, sub_date) values (4, 10, '2021-02-14');
insert into subscribing_to_services (service_id, nfc_id, sub_date) values (5, 11, '2021-04-09');
insert into subscribing_to_services (service_id, nfc_id, sub_date) values (4, 12, '2020-06-19');
insert into subscribing_to_services (service_id, nfc_id, sub_date) values (6, 13, '2020-07-14');
insert into subscribing_to_services (service_id, nfc_id, sub_date) values (4, 14, '2021-02-22');
insert into subscribing_to_services (service_id, nfc_id, sub_date) values (7, 15, '2020-11-21');
insert into subscribing_to_services (service_id, nfc_id, sub_date) values (6, 16, '2021-04-26');
insert into subscribing_to_services (service_id, nfc_id, sub_date) values (6, 17, '2021-05-12');
insert into subscribing_to_services (service_id, nfc_id, sub_date) values (4, 18, '2021-05-26');
insert into subscribing_to_services (service_id, nfc_id, sub_date) values (5, 19, '2020-09-25');
insert into subscribing_to_services (service_id, nfc_id, sub_date) values (6, 20, '2021-04-23');
insert into subscribing_to_services (service_id, nfc_id, sub_date) values (6, 21, '2021-02-16');
insert into subscribing_to_services (service_id, nfc_id, sub_date) values (6, 22, '2021-01-15');
insert into subscribing_to_services (service_id, nfc_id, sub_date) values (5, 23, '2020-08-25');
insert into subscribing_to_services (service_id, nfc_id, sub_date) values (7, 24, '2020-07-21');
insert into subscribing_to_services (service_id, nfc_id, sub_date) values (7, 25, '2021-04-06');
insert into subscribing_to_services (service_id, nfc_id, sub_date) values (5, 26, '2020-07-18');
insert into subscribing_to_services (service_id, nfc_id, sub_date) values (7, 27, '2020-11-10');
insert into subscribing_to_services (service_id, nfc_id, sub_date) values (4, 28, '2020-08-15');
insert into subscribing_to_services (service_id, nfc_id, sub_date) values (6, 29, '2020-09-23');
insert into subscribing_to_services (service_id, nfc_id, sub_date) values (5, 30, '2021-02-26');
insert into subscribing_to_services (service_id, nfc_id, sub_date) values (6, 31, '2020-07-20');
insert into subscribing_to_services (service_id, nfc_id, sub_date) values (6, 32, '2021-02-25');
insert into subscribing_to_services (service_id, nfc_id, sub_date) values (4, 33, '2021-03-31');
insert into subscribing_to_services (service_id, nfc_id, sub_date) values (7, 34, '2020-07-29');
insert into subscribing_to_services (service_id, nfc_id, sub_date) values (6, 35, '2021-05-22');
insert into subscribing_to_services (service_id, nfc_id, sub_date) values (7, 36, '2020-10-06');
insert into subscribing_to_services (service_id, nfc_id, sub_date) values (7, 37, '2020-09-19');
insert into subscribing_to_services (service_id, nfc_id, sub_date) values (6, 38, '2021-06-12');
insert into subscribing_to_services (service_id, nfc_id, sub_date) values (4, 39, '2020-12-10');
insert into subscribing_to_services (service_id, nfc_id, sub_date) values (6, 40, '2021-06-04');
insert into subscribing_to_services (service_id, nfc_id, sub_date) values (6, 41, '2021-06-02');
insert into subscribing_to_services (service_id, nfc_id, sub_date) values (6, 42, '2020-09-30');
insert into subscribing_to_services (service_id, nfc_id, sub_date) values (6, 43, '2020-08-31');
insert into subscribing_to_services (service_id, nfc_id, sub_date) values (4, 44, '2021-01-12');
insert into subscribing_to_services (service_id, nfc_id, sub_date) values (6, 45, '2020-09-14');
insert into subscribing_to_services (service_id, nfc_id, sub_date) values (6, 46, '2021-06-14');
insert into subscribing_to_services (service_id, nfc_id, sub_date) values (5, 47, '2021-05-10');
insert into subscribing_to_services (service_id, nfc_id, sub_date) values (6, 48, '2021-01-06');
insert into subscribing_to_services (service_id, nfc_id, sub_date) values (4, 49, '2020-11-01');
insert into subscribing_to_services (service_id, nfc_id, sub_date) values (4, 50, '2020-08-02');

select * from subscribing_to_services;

insert into receiving_services (service_id, nfc_id, charge_date, charge_description, service_fee) values (4, 1, '2021-03-30 23:13:52', 'Booked room for 2 days', 57);
insert into receiving_services (service_id, nfc_id, charge_date, charge_description, service_fee) values (4, 2, '2021-11-15 07:17:37', 'Booked room for 1 days', 33);
insert into receiving_services (service_id, nfc_id, charge_date, charge_description, service_fee) values (4, 3, '2021-06-22 23:37:38', 'Booked room for 3 days', 83);
insert into receiving_services (service_id, nfc_id, charge_date, charge_description, service_fee) values (4, 4, '2021-07-14 15:17:01', 'Booked room for 1 days', 22);
insert into receiving_services (service_id, nfc_id, charge_date, charge_description, service_fee) values (4, 5, '2021-05-23 19:30:40', 'Booked room for 1 days', 28);
insert into receiving_services (service_id, nfc_id, charge_date, charge_description, service_fee) values (4, 6, '2021-04-26 13:39:01', 'Booked room for 3 days', 90);
insert into receiving_services (service_id, nfc_id, charge_date, charge_description, service_fee) values (4, 7, '2021-01-20 13:03:49', 'Booked room for 3 days', 84);
insert into receiving_services (service_id, nfc_id, charge_date, charge_description, service_fee) values (4, 8, '2021-10-09 11:10:45', 'Booked room for 3 days', 79);
insert into receiving_services (service_id, nfc_id, charge_date, charge_description, service_fee) values (4, 9, '2021-09-05 17:42:34', 'Booked room for 1 days', 22);
insert into receiving_services (service_id, nfc_id, charge_date, charge_description, service_fee) values (4, 10, '2021-10-08 05:06:48', 'Booked room for 3 days', 71);
insert into receiving_services (service_id, nfc_id, charge_date, charge_description, service_fee) values (3, 11, '2021-05-19 23:19:27', 'Hair trim', 2);
insert into receiving_services (service_id, nfc_id, charge_date, charge_description, service_fee) values (1, 12, '2021-07-08 21:23:40', '2 Drinks', 42);
insert into receiving_services (service_id, nfc_id, charge_date, charge_description, service_fee) values (1, 13, '2021-10-24 01:57:50', '3 Drinks', 70);
insert into receiving_services (service_id, nfc_id, charge_date, charge_description, service_fee) values (1, 14, '2021-12-24 20:33:42', '2 Drinks', 82);
insert into receiving_services (service_id, nfc_id, charge_date, charge_description, service_fee) values (1, 15, '2021-12-18 13:37:20', '3 Drinks', 74);
insert into receiving_services (service_id, nfc_id, charge_date, charge_description, service_fee) values (1, 16, '2021-10-24 08:03:25', '1 Drinks', 22);
insert into receiving_services (service_id, nfc_id, charge_date, charge_description, service_fee) values (1, 17, '2021-10-10 13:29:02', '1 Drink', 13);
insert into receiving_services (service_id, nfc_id, charge_date, charge_description, service_fee) values (2, 18, '2021-10-06 07:14:19', 'Lunch', 68);
insert into receiving_services (service_id, nfc_id, charge_date, charge_description, service_fee) values (2, 19, '2021-02-07 07:58:31', 'Breakfast', 10);
insert into receiving_services (service_id, nfc_id, charge_date, charge_description, service_fee) values (2, 20, '2021-01-10 23:48:09', 'Dinner', 90);
insert into receiving_services (service_id, nfc_id, charge_date, charge_description, service_fee) values (2, 21, '2021-01-26 11:20:44', 'Dinner', 55);
insert into receiving_services (service_id, nfc_id, charge_date, charge_description, service_fee) values (7, 22, '2021-10-09 15:55:39', 'Big Conference', 79);
insert into receiving_services (service_id, nfc_id, charge_date, charge_description, service_fee) values (7, 23, '2021-10-20 02:41:06', 'Big Conference', 67);
insert into receiving_services (service_id, nfc_id, charge_date, charge_description, service_fee) values (7, 24, '2021-04-15 13:29:07', 'Small Conference', 10);
insert into receiving_services (service_id, nfc_id, charge_date, charge_description, service_fee) values (7, 25, '2021-11-30 08:59:05', 'Big Conference', 61);
insert into receiving_services (service_id, nfc_id, charge_date, charge_description, service_fee) values (7, 26, '2021-05-11 19:20:43', 'Small Conference', 11);
insert into receiving_services (service_id, nfc_id, charge_date, charge_description, service_fee) values (7, 27, '2021-09-14 12:33:30', 'Big Conference', 92);
insert into receiving_services (service_id, nfc_id, charge_date, charge_description, service_fee) values (7, 28, '2021-06-13 23:17:49', 'Small Conference', 9);
insert into receiving_services (service_id, nfc_id, charge_date, charge_description, service_fee) values (7, 29, '2021-12-11 01:08:18', 'Big Conference', 80);
insert into receiving_services (service_id, nfc_id, charge_date, charge_description, service_fee) values (7, 30, '2021-07-09 21:31:55', 'Big Conference', 77);
insert into receiving_services (service_id, nfc_id, charge_date, charge_description, service_fee) values (7, 31, '2021-11-14 15:45:12', 'Smalll Conference', 52);
insert into receiving_services (service_id, nfc_id, charge_date, charge_description, service_fee) values (6, 32, '2021-07-20 02:11:39', 'Personal', 58);
insert into receiving_services (service_id, nfc_id, charge_date, charge_description, service_fee) values (6, 33, '2021-12-05 14:40:48', 'Team Work Out', 22);
insert into receiving_services (service_id, nfc_id, charge_date, charge_description, service_fee) values (6, 34, '2021-06-12 07:04:45', 'Personal', 46);
insert into receiving_services (service_id, nfc_id, charge_date, charge_description, service_fee) values (6, 35, '2021-08-28 00:57:53', 'Team Work Out', 37);
insert into receiving_services (service_id, nfc_id, charge_date, charge_description, service_fee) values (5, 36, '2021-04-10 04:26:43', 'Pool Party 4 People', 36);
insert into receiving_services (service_id, nfc_id, charge_date, charge_description, service_fee) values (5, 37, '2021-06-01 16:02:24', 'Pool Party 10 People', 89);
insert into receiving_services (service_id, nfc_id, charge_date, charge_description, service_fee) values (5, 38, '2021-06-18 20:59:02', 'Pool Party 4 People', 57);
insert into receiving_services (service_id, nfc_id, charge_date, charge_description, service_fee) values (5, 39, '2021-07-29 04:08:32', 'Pool Party 6 People', 60);
insert into receiving_services (service_id, nfc_id, charge_date, charge_description, service_fee) values (5, 40, '2021-10-11 10:14:22', 'Pool Party 8 People', 140);
insert into receiving_services (service_id, nfc_id, charge_date, charge_description, service_fee) values (5, 41, '2021-05-05 22:23:40', 'Pool Party 6 People', 75);
insert into receiving_services (service_id, nfc_id, charge_date, charge_description, service_fee) values (5, 42, '2021-04-26 07:53:46', 'Pool Party 4 People', 50);
insert into receiving_services (service_id, nfc_id, charge_date, charge_description, service_fee) values (5, 43, '2021-09-29 01:21:09', 'Pool Party 10 People', 70);
insert into receiving_services (service_id, nfc_id, charge_date, charge_description, service_fee) values (5, 44, '2021-02-25 07:30:04', 'Pool Party 10 People', 100);
insert into receiving_services (service_id, nfc_id, charge_date, charge_description, service_fee) values (5, 45, '2021-08-23 05:55:57', 'Pool Party 6 People', 33);
insert into receiving_services (service_id, nfc_id, charge_date, charge_description, service_fee) values (4, 46, '2021-09-04 15:53:02', 'Booked room for 1 days', 10);
insert into receiving_services (service_id, nfc_id, charge_date, charge_description, service_fee) values (4, 47, '2021-09-25 18:46:16', 'Booked room for 1 days', 13);
insert into receiving_services (service_id, nfc_id, charge_date, charge_description, service_fee) values (4, 48, '2021-10-06 21:41:49', 'Booked room for 3 days', 82);
insert into receiving_services (service_id, nfc_id, charge_date, charge_description, service_fee) values (4, 49, '2021-12-11 15:04:24', 'Booked room for 2 days', 30);
insert into receiving_services (service_id, nfc_id, charge_date, charge_description, service_fee) values (4, 50, '2021-09-17 04:49:26', 'Booked room for 1 days', 11);
insert into receiving_services (service_id, nfc_id, charge_date, charge_description, service_fee) values (3, 1, '2021-05-19 23:19:27', 'Hair Dye', 20);
insert into receiving_services (service_id, nfc_id, charge_date, charge_description, service_fee) values (1, 2, '2021-07-08 21:23:40', '2 Drinks', 42);
insert into receiving_services (service_id, nfc_id, charge_date, charge_description, service_fee) values (1, 3, '2021-10-24 01:57:50', '3 Drinks', 70);
insert into receiving_services (service_id, nfc_id, charge_date, charge_description, service_fee) values (1, 4, '2021-12-24 20:33:42', '3 Drinks', 82);
insert into receiving_services (service_id, nfc_id, charge_date, charge_description, service_fee) values (1, 5, '2021-12-18 13:37:20', '3 Drinks', 74);
insert into receiving_services (service_id, nfc_id, charge_date, charge_description, service_fee) values (1, 6, '2021-10-24 08:03:25', '1 Drink', 22);
insert into receiving_services (service_id, nfc_id, charge_date, charge_description, service_fee) values (1, 7, '2021-10-10 15:29:02', '1 Drink', 13);
insert into receiving_services (service_id, nfc_id, charge_date, charge_description, service_fee) values (1, 1, '2021-10-10 16:29:02', '1 Drink', 13);
insert into receiving_services (service_id, nfc_id, charge_date, charge_description, service_fee) values (1, 1, '2021-10-10 17:29:02', '1 Drink', 13);
insert into receiving_services (service_id, nfc_id, charge_date, charge_description, service_fee) values (1, 1, '2021-10-10 18:29:02', '1 Drink', 13);
insert into receiving_services (service_id, nfc_id, charge_date, charge_description, service_fee) values (1, 1, '2021-10-10 19:29:02', '1 Drink', 13);
insert into receiving_services (service_id, nfc_id, charge_date, charge_description, service_fee) values (1, 1, '2021-10-10 20:29:02', '1 Drink', 13);
insert into receiving_services (service_id, nfc_id, charge_date, charge_description, service_fee) values (1, 1, '2021-10-10 21:29:02', '1 Drink', 13);
insert into receiving_services (service_id, nfc_id, charge_date, charge_description, service_fee) values (1, 1, '2021-10-10 22:29:02', '1 Drink', 13);
insert into receiving_services (service_id, nfc_id, charge_date, charge_description, service_fee) values (1, 1, '2021-10-10 23:29:02', '1 Drink', 13);
insert into receiving_services (service_id, nfc_id, charge_date, charge_description, service_fee) values (1, 1, '2021-10-11 01:29:02', '1 Drink', 13);
insert into receiving_services (service_id, nfc_id, charge_date, charge_description, service_fee) values (1, 1, '2021-10-11 02:29:02', '1 Drink', 13);
insert into receiving_services (service_id, nfc_id, charge_date, charge_description, service_fee) values (1, 1, '2021-10-11 03:29:02', '1 Drink', 13);
insert into receiving_services (service_id, nfc_id, charge_date, charge_description, service_fee) values (1, 1, '2021-10-11 04:29:02', '1 Drink', 13);

----------------------------------------------------------------------------------------------------------------------------------------------------------
select * from receiving_services;

-- All reception visits
insert into visiting (nfc_id, facility_id, entrance_datetime, exit_datetime) values (1, 51, '2021-03-28 23:13:52', '2021-03-28 23:53:54');
insert into visiting (nfc_id, facility_id, entrance_datetime, exit_datetime) values (2, 51, '2021-10-08 07:17:37', '2021-10-08 08:17:37');
insert into visiting (nfc_id, facility_id, entrance_datetime, exit_datetime) values (3, 51, '2021-06-22 23:37:38', '2021-06-22 23:57:38');
insert into visiting (nfc_id, facility_id, entrance_datetime, exit_datetime) values (4, 51, '2021-07-14 11:17:01', '2021-07-14 12:17:22');
insert into visiting (nfc_id, facility_id, entrance_datetime, exit_datetime) values (5, 51, '2021-05-23 11:30:40', '2021-05-23 12:30:50');
insert into visiting (nfc_id, facility_id, entrance_datetime, exit_datetime) values (6, 51, '2021-04-26 10:39:01', '2021-04-26 11:21:01');
insert into visiting (nfc_id, facility_id, entrance_datetime, exit_datetime) values (7, 51, '2021-01-20 10:03:49', '2021-01-20 11:01:49');
insert into visiting (nfc_id, facility_id, entrance_datetime, exit_datetime) values (8, 51, '2021-10-09 09:10:45', '2021-10-09 10:06:45');
insert into visiting (nfc_id, facility_id, entrance_datetime, exit_datetime) values (9, 51, '2021-09-05 10:12:34', '2021-09-05 10:42:34');
insert into visiting (nfc_id, facility_id, entrance_datetime, exit_datetime) values (10, 51, '2021-10-08 03:06:48', '2021-10-08 03:16:48');
insert into visiting (nfc_id, facility_id, entrance_datetime, exit_datetime) values (11, 51, '2021-05-19 20:10:27', '2021-05-19 20:39:47');
insert into visiting (nfc_id, facility_id, entrance_datetime, exit_datetime) values (12, 51, '2021-07-08 15:13:40', '2021-07-08 16:24:20');
insert into visiting (nfc_id, facility_id, entrance_datetime, exit_datetime) values (13, 51, '2021-10-24 00:10:50', '2021-10-24 01:07:10');
insert into visiting (nfc_id, facility_id, entrance_datetime, exit_datetime) values (14, 51, '2021-12-24 10:33:42', '2021-12-24 11:13:22');
insert into visiting (nfc_id, facility_id, entrance_datetime, exit_datetime) values (15, 51, '2021-12-18 09:37:20', '2021-12-18 10:17:20');
insert into visiting (nfc_id, facility_id, entrance_datetime, exit_datetime) values (16, 51, '2021-10-24 06:01:25', '2021-10-24 07:03:25');
insert into visiting (nfc_id, facility_id, entrance_datetime, exit_datetime) values (17, 51, '2021-10-10 10:29:02','2021-10-10 10:59:02');
insert into visiting (nfc_id, facility_id, entrance_datetime, exit_datetime) values (18, 51, '2021-10-06 02:14:19', '2021-10-06 02:45:23');
insert into visiting (nfc_id, facility_id, entrance_datetime, exit_datetime) values (19, 51, '2021-02-07 01:18:31', '2021-02-07 01:52:31');
insert into visiting (nfc_id, facility_id, entrance_datetime, exit_datetime) values (20, 51, '2021-01-10 20:21:09', '2021-01-10 20:48:09');
insert into visiting (nfc_id, facility_id, entrance_datetime, exit_datetime) values (21, 51, '2021-01-26 09:20:44', '2021-01-26 10:20:44');
insert into visiting (nfc_id, facility_id, entrance_datetime, exit_datetime) values (22, 51, '2021-10-09 10:55:39', '2021-10-09 11:25:39');
insert into visiting (nfc_id, facility_id, entrance_datetime, exit_datetime) values (23, 51, '2021-10-20 00:11:06', '2021-10-20 00:12:06');
insert into visiting (nfc_id, facility_id, entrance_datetime, exit_datetime) values (24, 51, '2021-04-15 09:29:07', '2021-04-15 10:32:02');
insert into visiting (nfc_id, facility_id, entrance_datetime, exit_datetime) values (25, 51, '2021-11-30 07:23:05', '2021-11-30 07:36:05');
insert into visiting (nfc_id, facility_id, entrance_datetime, exit_datetime) values (26, 51, '2021-05-11 14:10:43', '2021-05-11 14:50:43');
insert into visiting (nfc_id, facility_id, entrance_datetime, exit_datetime) values (27, 51, '2021-09-14 10:33:30', '2021-09-14 10:53:20');
insert into visiting (nfc_id, facility_id, entrance_datetime, exit_datetime) values (28, 51, '2021-06-13 19:10:49', '2021-06-13 19:57:43');
insert into visiting (nfc_id, facility_id, entrance_datetime, exit_datetime) values (29, 51, '2021-12-11 00:08:18', '2021-12-11 00:38:18');
insert into visiting (nfc_id, facility_id, entrance_datetime, exit_datetime) values (30, 51, '2021-07-09 19:31:55', '2021-07-09 20:31:55');
insert into visiting (nfc_id, facility_id, entrance_datetime, exit_datetime) values (31, 51, '2021-11-14 10:45:12', '2021-11-14 10:55:12');
insert into visiting (nfc_id, facility_id, entrance_datetime, exit_datetime) values (32, 51, '2021-07-20 00:11:39', '2021-07-20 01:01:39');
insert into visiting (nfc_id, facility_id, entrance_datetime, exit_datetime) values (33, 51, '2021-12-05 10:20:48', '2021-12-05 11:40:48');
insert into visiting (nfc_id, facility_id, entrance_datetime, exit_datetime) values (34, 51, '2021-06-12 03:04:45', '2021-06-12 03:04:15');
insert into visiting (nfc_id, facility_id, entrance_datetime, exit_datetime) values (35, 51, '2021-08-27 20:57:53', '2021-08-27 21:27:43');
insert into visiting (nfc_id, facility_id, entrance_datetime, exit_datetime) values (36, 51, '2021-04-10 00:26:44', '2021-04-10 00:56:34');
insert into visiting (nfc_id, facility_id, entrance_datetime, exit_datetime) values (37, 51, '2021-06-01 10:01:24', '2021-06-01 10:52:34');
insert into visiting (nfc_id, facility_id, entrance_datetime, exit_datetime) values (38, 51, '2021-06-18 10:59:02', '2021-06-18 11:32:12');
insert into visiting (nfc_id, facility_id, entrance_datetime, exit_datetime) values (39, 51, '2021-07-29 00:18:32', '2021-07-29 00:58:22');
insert into visiting (nfc_id, facility_id, entrance_datetime, exit_datetime) values (40, 51, '2021-10-11 08:11:22', '2021-10-11 08:54:22');
insert into visiting (nfc_id, facility_id, entrance_datetime, exit_datetime) values (41, 51, '2021-05-05 20:21:40', '2021-05-05 20:59:40');
insert into visiting (nfc_id, facility_id, entrance_datetime, exit_datetime) values (42, 51, '2021-04-26 05:23:46', '2021-04-26 05:53:36');
insert into visiting (nfc_id, facility_id, entrance_datetime, exit_datetime) values (43, 51, '2021-09-29 00:11:09', '2021-09-29 00:31:09');
insert into visiting (nfc_id, facility_id, entrance_datetime, exit_datetime) values (44, 51, '2021-02-25 04:40:04', '2021-02-25 05:30:04');
insert into visiting (nfc_id, facility_id, entrance_datetime, exit_datetime) values (45, 51, '2021-08-23 00:25:57', '2021-08-23 00:55:57');
insert into visiting (nfc_id, facility_id, entrance_datetime, exit_datetime) values (46, 51, '2021-09-04 10:53:02', '2021-09-04 11:23:02');
insert into visiting (nfc_id, facility_id, entrance_datetime, exit_datetime) values (47, 51, '2021-09-25 12:46:16', '2021-09-25 13:26:16');
insert into visiting (nfc_id, facility_id, entrance_datetime, exit_datetime) values (48, 51, '2021-10-06 19:21:49', '2021-10-06 19:41:49');
insert into visiting (nfc_id, facility_id, entrance_datetime, exit_datetime) values (49, 51, '2021-12-11 10:24:24', '2021-12-11 10:54:24');
insert into visiting (nfc_id, facility_id, entrance_datetime, exit_datetime) values (50, 51, '2021-09-17 01:21:26', '2021-09-17 01:21:26');
-- ----------------------------------------------------------------------------------------------------------------------------------------
-- All visits generaly
insert into visiting (nfc_id, facility_id, entrance_datetime, exit_datetime) values (1, 1, '2021-03-30 23:13:52', '2021-04-01 01:13:52');
insert into visiting (nfc_id, facility_id, entrance_datetime, exit_datetime) values (2, 2, '2021-11-15 07:17:37', '2021-11-15 08:17:37');
insert into visiting (nfc_id, facility_id, entrance_datetime, exit_datetime) values (3, 3, '2021-06-22 23:37:38', '2021-06-23 01:37:38');
insert into visiting (nfc_id, facility_id, entrance_datetime, exit_datetime) values (4, 4, '2021-07-14 15:17:01', '2021-07-14 16:17:01');
insert into visiting (nfc_id, facility_id, entrance_datetime, exit_datetime) values (5, 5, '2021-05-23 19:30:40', '2021-05-23 20:30:40');
insert into visiting (nfc_id, facility_id, entrance_datetime, exit_datetime) values (6, 6, '2021-04-26 13:39:01', '2021-04-26 14:39:01');
insert into visiting (nfc_id, facility_id, entrance_datetime, exit_datetime) values (7, 7, '2021-01-20 13:03:49', '2021-01-20 14:03:49');
insert into visiting (nfc_id, facility_id, entrance_datetime, exit_datetime) values (8, 8, '2021-10-09 11:10:45', '2021-10-09 12:10:45');
insert into visiting (nfc_id, facility_id, entrance_datetime, exit_datetime) values (9, 9, '2021-09-05 17:42:34', '2021-09-05 18:42:34');
insert into visiting (nfc_id, facility_id, entrance_datetime, exit_datetime) values (10, 10, '2021-10-08 05:06:48', '2021-10-08 06:06:48');
insert into visiting (nfc_id, facility_id, entrance_datetime, exit_datetime) values (11, 11, '2021-05-19 23:19:27', '2021-05-20 01:19:27');
insert into visiting (nfc_id, facility_id, entrance_datetime, exit_datetime) values (12, 12, '2021-07-08 21:23:40', '2021-07-08 22:24:40');
insert into visiting (nfc_id, facility_id, entrance_datetime, exit_datetime) values (13, 13, '2021-10-24 01:57:50', '2021-10-24 02:57:50');
insert into visiting (nfc_id, facility_id, entrance_datetime, exit_datetime) values (14, 14, '2021-12-24 20:33:42', '2021-12-24 21:33:42');
insert into visiting (nfc_id, facility_id, entrance_datetime, exit_datetime) values (15, 15, '2021-12-18 13:37:20', '2021-12-18 14:37:20');
insert into visiting (nfc_id, facility_id, entrance_datetime, exit_datetime) values (16, 16, '2021-10-24 08:03:25', '2021-10-24 09:03:25');
insert into visiting (nfc_id, facility_id, entrance_datetime, exit_datetime) values (17, 17, '2021-10-10 13:29:02','2021-10-10 14:29:02');
insert into visiting (nfc_id, facility_id, entrance_datetime, exit_datetime) values (18, 18, '2021-10-06 07:14:19', '2021-10-06 08:14:19');
insert into visiting (nfc_id, facility_id, entrance_datetime, exit_datetime) values (19, 19, '2021-02-07 07:58:31', '2021-02-07 08:58:31');
insert into visiting (nfc_id, facility_id, entrance_datetime, exit_datetime) values (20, 20, '2021-01-10 23:48:09', '2021-01-12 01:48:09');
insert into visiting (nfc_id, facility_id, entrance_datetime, exit_datetime) values (21, 21, '2021-01-26 11:20:44', '2021-01-26 12:20:44');
insert into visiting (nfc_id, facility_id, entrance_datetime, exit_datetime) values (22, 22, '2021-10-09 15:55:39', '2021-10-09 16:55:39');
insert into visiting (nfc_id, facility_id, entrance_datetime, exit_datetime) values (23, 23, '2021-10-20 02:41:06', '2021-10-20 03:41:06');
insert into visiting (nfc_id, facility_id, entrance_datetime, exit_datetime) values (24, 24, '2021-04-15 13:29:07', '2021-04-15 14:29:07');
insert into visiting (nfc_id, facility_id, entrance_datetime, exit_datetime) values (25, 25, '2021-11-30 08:59:05', '2021-11-30 09:59:05');
insert into visiting (nfc_id, facility_id, entrance_datetime, exit_datetime) values (26, 26, '2021-05-11 19:20:43', '2021-05-11 20:20:43');
insert into visiting (nfc_id, facility_id, entrance_datetime, exit_datetime) values (27, 27, '2021-09-14 12:33:30', '2021-09-14 13:33:30');
insert into visiting (nfc_id, facility_id, entrance_datetime, exit_datetime) values (28, 28, '2021-06-13 23:17:49', '2021-06-14 01:17:49');
insert into visiting (nfc_id, facility_id, entrance_datetime, exit_datetime) values (29, 29, '2021-12-11 01:08:18', '2021-12-11 02:08:18');
insert into visiting (nfc_id, facility_id, entrance_datetime, exit_datetime) values (30, 30, '2021-07-09 21:31:55', '2021-07-09 22:31:55');
insert into visiting (nfc_id, facility_id, entrance_datetime, exit_datetime) values (31, 31, '2021-11-14 15:45:12', '2021-11-14 16:45:12');
insert into visiting (nfc_id, facility_id, entrance_datetime, exit_datetime) values (32, 32, '2021-07-20 02:11:39', '2021-07-20 03:11:39');
insert into visiting (nfc_id, facility_id, entrance_datetime, exit_datetime) values (33, 33, '2021-12-05 14:40:48', '2021-12-05 15:40:48');
insert into visiting (nfc_id, facility_id, entrance_datetime, exit_datetime) values (34, 34, '2021-06-12 07:04:45', '2021-06-12 08:04:45');
insert into visiting (nfc_id, facility_id, entrance_datetime, exit_datetime) values (35, 35, '2021-08-28 00:57:53', '2021-08-29 01:57:53');
insert into visiting (nfc_id, facility_id, entrance_datetime, exit_datetime) values (36, 36, '2021-04-10 04:26:43', '2021-04-10 05:26:44');
insert into visiting (nfc_id, facility_id, entrance_datetime, exit_datetime) values (37, 37, '2021-06-01 16:02:24', '2021-06-01 17:02:24');
insert into visiting (nfc_id, facility_id, entrance_datetime, exit_datetime) values (38, 38, '2021-06-18 20:59:02', '2021-06-18 21:59:02');
insert into visiting (nfc_id, facility_id, entrance_datetime, exit_datetime) values (39, 39, '2021-07-29 04:08:32', '2021-07-29 05:08:32');
insert into visiting (nfc_id, facility_id, entrance_datetime, exit_datetime) values (40, 40, '2021-10-11 10:14:22', '2021-10-11 11:14:22');
insert into visiting (nfc_id, facility_id, entrance_datetime, exit_datetime) values (41, 41, '2021-05-05 22:23:40', '2021-05-05 23:23:40');
insert into visiting (nfc_id, facility_id, entrance_datetime, exit_datetime) values (42, 42, '2021-04-26 07:53:46', '2021-04-26 08:53:46');
insert into visiting (nfc_id, facility_id, entrance_datetime, exit_datetime) values (43, 43, '2021-09-29 01:21:09', '2021-09-29 02:21:09');
insert into visiting (nfc_id, facility_id, entrance_datetime, exit_datetime) values (44, 44, '2021-02-25 07:30:04', '2021-02-25 08:30:04');
insert into visiting (nfc_id, facility_id, entrance_datetime, exit_datetime) values (45, 45, '2021-08-23 05:55:57', '2021-08-23 06:55:57');
insert into visiting (nfc_id, facility_id, entrance_datetime, exit_datetime) values (46, 46, '2021-09-04 15:53:02', '2021-09-04 16:53:02');
insert into visiting (nfc_id, facility_id, entrance_datetime, exit_datetime) values (47, 47, '2021-09-25 18:46:16', '2021-09-25 19:46:16');
insert into visiting (nfc_id, facility_id, entrance_datetime, exit_datetime) values (48, 48, '2021-10-06 21:41:49', '2021-10-06 22:41:49');
insert into visiting (nfc_id, facility_id, entrance_datetime, exit_datetime) values (49, 49, '2021-12-11 15:04:24', '2021-12-11 16:04:24');
insert into visiting (nfc_id, facility_id, entrance_datetime, exit_datetime) values (50, 50, '2021-09-17 04:49:26', '2021-09-17 05:49:26');
insert into visiting (nfc_id, facility_id, entrance_datetime, exit_datetime) values (1, 11, '2021-05-19 23:19:27', '2021-05-20 00:19:27');
insert into visiting (nfc_id, facility_id, entrance_datetime, exit_datetime) values (2, 12, '2021-07-08 21:23:40', '2021-07-08 22:23:40');
insert into visiting (nfc_id, facility_id, entrance_datetime, exit_datetime) values (2, 13, '2021-10-24 01:57:50', '2021-10-24 02:57:50');
insert into visiting (nfc_id, facility_id, entrance_datetime, exit_datetime) values (2, 14, '2021-12-24 20:33:42', '2021-12-24 21:33:42');
insert into visiting (nfc_id, facility_id, entrance_datetime, exit_datetime) values (2, 15, '2021-12-18 13:37:20', '2021-12-18 14:37:20');
insert into visiting (nfc_id, facility_id, entrance_datetime, exit_datetime) values (2, 16, '2021-10-24 08:03:25', '2021-10-24 09:03:25');
insert into visiting (nfc_id, facility_id, entrance_datetime, exit_datetime) values (2, 17, '2021-10-10 13:29:02', '2021-10-10 14:29:02');

select * from visiting;


select * from customer;
select * from email;
select * from phone_number;
select * from services; 
select * from facilities; 
select * from having_access; 
select * from sub_compulsory_service;
select * from subscribing_to_services;
select * from receiving_services;
select * from visiting;